timestamp,pulse_rate,blood_pressure_sys,resp_rate,pupil_diameter_left,pupil_diameter_right,fixation_duration,blink_rate,workload_intensity,gaze_x,gaze_y,alpha_power,theta_power,alpha_theta_ratio,skin_conductance
2025-01-01 08:00:00,86.74650648236445,119.32550067443282,17.353579151318065,5.148925797634477,5.041517092487681,223.70692725322922,13.050630057927126,59.16481179427507,488.05191163251584,345.95443201151505,12.814246583419918,22.540651740840836,0.568494945521123,8.535751146651544
2025-01-01 08:00:15,82.89654665966845,131.13491030982988,17.439248198909958,4.4031754654669975,5.01879210599047,216.44700793913412,12.87920549496255,68.44150309131811,464.4946552712046,363.0106553736261,13.049702736009012,25.844861227924827,0.5049244652901863,11.711706507427014
2025-01-01 08:00:30,86.93131190877051,127.34237792379183,16.965018569356605,5.381538059702494,5.050690635444638,216.11266092108306,11.058015368805494,79.77923591592962,456.2778968374488,358.72294809106836,11.42423573052717,27.368096828559704,0.4174289429802632,12.628784868997458
2025-01-01 08:00:45,82.46285169686423,127.15969562386124,18.585915901887784,4.951704572967932,4.48891252012941,220.56927985183216,12.383787855414763,59.15213533874791,470.4154701321052,357.3340709893589,14.427796426748234,22.144883699766446,0.6515182749368152,10.151290153852893
2025-01-01 08:01:00,90.75773358519307,134.69077858527186,20.54506823707743,4.330851892436097,4.666970048802064,214.09575221790172,11.416747625237365,63.086010848289085,451.72472781077494,356.0277582007078,12.875214237069835,21.368776928863618,0.6025246217849182,7.9358490220053595
2025-01-01 08:01:15,89.47882937684304,129.80442877094976,17.801417135893274,5.178569705125929,4.850995082431047,218.87246014980295,12.762354172634813,68.85592087307174,556.0574580289444,408.7740238482473,12.866021923887313,24.543635672806264,0.5242101086980583,10.21231900381834
2025-01-01 08:01:30,86.61110659184615,128.42645315778051,19.346876122808226,4.990452423887489,5.028515092506676,188.83769885500183,10.635528783565807,62.03061619608593,436.7828341477302,394.76791010134434,13.92278537184475,21.370613244104096,0.6514920846123068,9.938288041602354
2025-01-01 08:01:45,77.11684765910634,134.1130714263244,18.234984809945786,5.262017572795168,4.506155938908016,209.0862504105925,11.588308001327876,62.2924319959897,445.02231707374756,378.2169573343793,14.341902675047724,24.354546673445853,0.5888798862630823,11.916996712835987
2025-01-01 08:02:00,85.31326732947988,127.18704987130376,20.0144554883361,5.407341146847194,4.8341077706572495,216.92914822411439,14.335758254537945,55.82430085584703,396.2007268156875,377.1381294146602,16.925444133237928,20.771804948641833,0.8148278002362332,10.805836354216584
2025-01-01 08:02:15,83.14867277379396,128.49950189153887,17.307205915949297,5.543802735027732,4.90816768443463,214.70472953466322,12.010808919316075,64.65584844786572,457.4608560082307,367.48938162967016,12.125913614738314,25.123406500087885,0.4826540387624543,10.075131307068386
2025-01-01 08:02:30,82.34712520154412,137.66103376675989,18.625531008515306,5.181384302257904,4.962325444239396,178.99504284119385,11.689733273267073,70.73652722352772,476.69344737096156,373.4568339874714,14.21660912142746,24.675597998342493,0.5761404089328419,12.135406069076325
2025-01-01 08:02:45,87.17276001572421,135.40458395926015,19.45546940239688,4.990407599589328,4.605285046409649,226.4941813437334,12.599253523351898,74.36273911060225,452.64931680806745,387.3063216582806,15.27814539471854,25.54758016044859,0.5980271046715946,11.833386607511283
2025-01-01 08:03:00,85.14954131551619,128.09273165286498,15.921944377968638,4.739370942363292,4.808178744626358,219.02552063967732,11.057699017098635,65.16314932475863,473.5911608184405,319.50319327412024,13.431146441090707,27.717974274914752,0.4845645034473579,10.96715289508652
2025-01-01 08:03:15,86.13189266621248,134.10315511250533,18.65691366077079,4.71364516727385,4.896104628480171,206.31231987773955,10.900267893270557,66.4507005151015,478.0644930072224,400.5220411949052,12.550504589343662,20.328921029735177,0.6173718994227977,9.631738397383907
2025-01-01 08:03:30,83.44281128767753,134.00729066687097,17.9251698277583,5.098865550323643,4.93738601747751,195.6568625999646,12.513004631827958,75.97417036938731,456.8237936087971,370.30755523329157,14.3913589508038,24.87682540608214,0.5785046410015505,11.507588636199605
2025-01-01 08:03:45,84.87963057963292,130.82810846969073,16.96770457401357,5.293043270173985,4.882596610267279,204.97512193316186,12.568010934373367,81.91273719245495,471.12768713783055,382.10797647025805,14.909838916971045,20.17466466455671,0.7390377567546377,11.82544002839687
2025-01-01 08:04:00,91.04835391638345,126.01806317340693,19.529004252117883,4.9355732317963605,5.021492774889881,196.04126040680785,11.906600253095128,74.39273982150185,510.6415476800592,359.4354173267765,13.549778215807084,21.32222458112947,0.6354767610786197,9.244874849828964
2025-01-01 08:04:15,89.51048779307786,126.98567469042233,18.82398693469907,4.789450188575689,4.611963568917585,210.35842363770072,13.163465623908682,78.41041745045595,471.8939600190179,345.32198040929256,13.306974759946852,20.685460307568086,0.6433008771421102,10.651300249783619
2025-01-01 08:04:30,81.6375349676123,135.27296303697923,18.861446743148953,4.934262132612001,4.85112653391515,223.0737046535809,11.820195057864138,83.7077883029543,455.63256527020906,368.71636325242815,16.0005183569023,21.986215832399786,0.7277522643675354,9.000103100552137
2025-01-01 08:04:45,81.76597460917245,127.53510007046224,17.209026170930322,5.5382020701257355,4.906858741548899,215.86891617086934,11.088344043281097,75.49415447779556,450.85860981127655,275.4626809544147,14.385693386378298,22.205442157297625,0.6478453923355255,12.711576756238442
2025-01-01 08:05:00,83.95530211015792,131.90727442286988,19.411571071562253,5.351902717802911,5.108616949605139,212.5270632181788,11.8456316109195,76.5070377651354,492.02645390628066,345.5440247816285,11.498659897391219,26.40290946465391,0.4355073031926538,11.8180039781098
2025-01-01 08:05:15,82.22376535585441,135.39500496498508,18.81281714516779,4.737779968782749,4.828453966269724,216.1245356700601,12.116124659185573,70.82152030480225,460.4492181677122,331.2241971089654,11.554250762210186,25.904591539446123,0.4460309958802474,10.08141276205839
2025-01-01 08:05:30,90.90759274004215,133.44921172667665,18.23557982382103,4.7510111972066005,4.371290957572506,233.59427064164913,13.68294017589719,70.39081194043884,417.91633873352254,363.92535172193084,16.790355855488873,22.900083534452573,0.7332006379028366,10.350678826204764
2025-01-01 08:05:45,87.10835788682787,131.05488308522496,17.711534547516177,4.459925867883112,5.030488646450248,194.13381316279313,11.268228613345826,61.632961494834376,487.37516181034766,350.611279008054,13.13247167421098,19.581769733265546,0.67064784506691,9.591623197867985
2025-01-01 08:06:00,86.55432290130634,130.13052132829975,18.907532557843105,5.1249342502150546,4.618035347561243,215.10769984233778,12.506474063572313,73.12049390096598,535.925949967623,329.7339366227855,11.76235361917005,26.339829126529114,0.44656150055746446,10.179789831227172
2025-01-01 08:06:15,85.3848285438013,136.61194454405194,16.920938984884756,4.851032860358422,4.437911727224634,214.95217591761414,12.50716330234051,79.57728423318238,421.33233215049523,430.57062411214133,13.87682224227143,21.490390471867777,0.6457222012990891,10.34518466962428
2025-01-01 08:06:30,92.25518915256366,140.16766984071288,18.04813671020613,5.319295303509655,5.298130025205589,199.45539454430292,12.77409777698611,76.25310898960525,464.17673524367257,344.6554252791079,13.384226794821698,21.691094237160762,0.6170378796239842,9.982973200001252
2025-01-01 08:06:45,90.81458948575755,124.0359575975697,17.06849022376167,5.165558533731011,5.437327567503341,201.1032325837282,12.786148703208838,62.180619221295515,490.8010703528907,361.2433175836481,14.230306649663424,22.027753914284478,0.6460171429659656,10.147372824005192
2025-01-01 08:07:00,83.964643850171,127.28535756258766,17.549596657005164,5.1159951171865705,4.899158833980141,175.43948229052742,10.76019505179945,57.07350460854659,482.48757040210035,360.4238055812044,14.055244852059964,23.503604390848054,0.5980038047922923,10.589607042183989
2025-01-01 08:07:15,78.35385602868742,129.49798902801928,16.61778083535967,4.922266085764212,4.941427134918718,192.1666301009236,12.89231012523616,73.88218307280376,442.649825101267,378.3473359653046,13.362094869649672,23.293427183513607,0.5736422882033849,10.914341561976427
2025-01-01 08:07:30,77.46040051709691,124.94622440337645,18.28014221883407,4.849663796051968,4.838385069187322,206.38351160859986,12.241570803348683,62.7746161776973,439.47818217099973,329.88080494747857,14.808344408069264,19.337394371315344,0.7657879921007159,12.016934010446795
2025-01-01 08:07:45,84.14296825373164,126.83721821789227,19.448955873859664,4.701346306321315,4.521511687196015,209.20173598485187,12.61613691639674,48.78781954866404,475.9967335954972,383.2725221988629,14.77377293220381,27.812676307404722,0.53118846848516,9.795880600559968
2025-01-01 08:08:00,79.88294252540148,125.78741535349506,17.215398763781582,4.717197133321823,4.873221967728483,175.13726178846846,12.69680720101098,59.768215176651246,468.2270856727951,361.43950734837017,14.877638302195292,25.888860401526216,0.574673356472586,13.499890600562486
2025-01-01 08:08:15,86.78270035447929,139.6703612186262,18.266586459243356,4.851598802783475,4.970207248534405,186.43034862704914,11.87023532790642,68.47468795798612,453.65420760551444,378.8181781730056,14.276841675880197,27.84209534765375,0.5127789951729802,9.90514853583889
2025-01-01 08:08:30,89.69142290187578,130.13904364336025,17.755420302615722,4.800292874056039,4.8177100846477625,230.73099907771362,12.542524130949266,88.7911952150739,492.4644092769072,391.12891396491807,13.77427497343671,23.89634656804598,0.5764176098724467,10.095828390477134
2025-01-01 08:08:45,79.7279292568548,125.2711387932428,19.020514904516226,5.40526675186083,5.173859085273953,213.68013819967848,11.781583497498088,68.62179199438354,451.5377368923033,376.9594869214125,14.806899046134772,23.164280462364943,0.6392125613481314,12.455494240549665
2025-01-01 08:09:00,90.3536166734205,136.65462030915498,17.726476695109895,4.886786029918221,5.562208789506137,223.80042449253645,11.48771950450525,68.10066558668075,507.8461200919629,347.7816073947441,15.934546472605378,21.08226066296397,0.7558272202087993,12.119125182921096
2025-01-01 08:09:15,87.75576861219383,136.86520915829684,19.117140158818234,4.290220426460559,5.019564229154421,201.08087616555903,14.128130186052989,71.38845149668076,514.0312816492866,375.4001146138097,11.964294687239587,20.2419058996355,0.5910656213185453,9.262298727147368
2025-01-01 08:09:30,85.62997899371534,129.6711322317074,18.35563096363768,4.3967602809521065,4.757723721494423,217.90376100928827,12.697983653835989,71.94348385808988,485.48744035195176,379.4533615265739,16.57671140834212,24.61418580027709,0.6734616998038387,9.045457166137876
2025-01-01 08:09:45,79.19715107993588,129.9612121052828,17.080751779281787,4.808581697279132,4.679308528865568,230.70749654697838,11.996408839315412,63.02832226275472,453.0771085303628,378.1995511334662,17.192919343669097,21.868371319537793,0.7862002657833269,11.918345859125843
2025-01-01 08:10:00,69.3538714965224,106.31647507908998,14.391723347712768,4.0392356004003265,3.847627939099108,290.6877697673006,15.331097559323172,40.0146665246684,472.3960713463362,355.3504627859684,18.39243940983605,17.89499032188559,1.0277982317398675,3.1744270584452274
2025-01-01 08:10:15,71.67889968662134,111.94523329354193,13.8575334609717,3.3964162111836425,4.0041039203653375,300.6963564203825,15.881737302615711,38.42908465485939,480.2033443534083,372.57824193993235,18.32829442891024,15.938308666544247,1.1499522824139277,5.572225707441522
2025-01-01 08:10:30,69.00482225640354,117.2953415858475,15.703171285443528,4.2263645621546795,3.3894862557292624,293.7053663542826,16.495175553173983,38.89342797982408,502.3024085053865,371.69353602488303,19.624996101134606,18.32682241429676,1.0708346301116085,5.4266226335181695
2025-01-01 08:10:45,66.62873574664478,121.22598228695702,14.603192386628752,3.7772648975002787,3.7108953250275847,304.7212241608424,15.796738329625791,32.080348469872035,472.41860095644256,358.39351756621176,22.039127256216837,16.18104551638112,1.362033574029886,6.101709749029583
2025-01-01 08:11:00,73.60368695603357,113.96322293250344,15.190209109666581,3.5610626528157483,3.9651195519812013,283.84675062741724,17.905015956496168,41.63357559591225,491.94326106097975,367.71185443747646,20.69513046778464,16.29564892846432,1.2699789102375392,7.633112297857681
2025-01-01 08:11:15,75.06955170545194,119.57202617393709,15.659833143308287,4.1344958160746295,3.4837975341274072,284.24719558054505,14.88538196875654,40.99948355040144,518.5314219733315,362.0670754562116,19.637929769266133,20.848000327322676,0.9419574760620727,5.470881693258607
2025-01-01 08:11:30,71.80657525910831,114.26850658586527,16.165072672369018,3.757282962236618,4.156083918165517,309.8783293881375,13.467852548427922,32.38701540400575,509.8583814685929,398.8660634624739,19.20219811978106,15.41494598613333,1.2456870194066583,6.090951836736805
2025-01-01 08:11:45,67.47798974811083,106.90319711170909,13.80544350553895,3.5372395500860008,3.6481529654947944,277.05857567536685,15.727095303365674,38.34301430513866,474.885598422903,378.185107615059,19.245393576315752,19.9504640988004,0.9646589413162052,6.410772401845692
2025-01-01 08:12:00,75.33214843652141,111.02691602004688,15.200398374314128,3.873426420929312,3.4583750761028798,286.4300700341455,15.19914967918607,35.3850654752435,495.7361286461375,368.64192989330746,17.55183144585683,16.99514744389884,1.032755467629546,5.7384170056614945
2025-01-01 08:12:15,72.36769504338281,118.10349073930625,14.179412581557093,3.542832269860914,3.9451363815474916,270.5641692589369,17.325384965828082,29.303817786854456,526.2528398655273,337.59029042898777,22.130947597744026,16.32691096952571,1.3554889616934636,6.08753644928001
2025-01-01 08:12:30,64.95338138484748,117.14427421581867,15.333163111885327,4.199935209945326,3.631656053991046,307.3959259779634,19.99213977885417,42.68724359461523,516.4424686725974,360.154606056246,20.880591904038955,17.564704002078567,1.1887813140243064,5.523830244975658
2025-01-01 08:12:45,66.95764843379011,115.20943835135904,15.181922318302805,3.9143152787210793,3.996129557123264,269.0972597039504,14.924378318357704,39.228618475985165,456.08251776402363,376.1637719211136,14.291726737267496,15.8961671643275,0.8990674663600343,4.79583974870786
2025-01-01 08:13:00,73.05625202538724,120.30200830455729,14.18073994944254,3.8831945729056065,3.731530228780035,280.1872135596367,14.943709293230894,41.149463634007745,504.4344812728668,376.49823923548087,17.17040633032538,19.533138334755805,0.8790398161351085,7.931818900399045
2025-01-01 08:13:15,69.83862197014186,112.3501052272078,14.443378064404852,4.1101193044418425,3.902518915919047,291.736968883923,15.903790951235319,36.127293373767095,480.50432282602196,382.01574368871775,27.176433005763588,17.017379083755625,1.5969811139545895,4.752909368980154
2025-01-01 08:13:30,69.6396748855254,115.89780407803715,14.265987033505741,3.697747021059372,3.6765696355370205,282.78117419108526,17.23942048634014,36.868133789660604,497.4955921428818,367.77178242413385,23.635810780666144,18.865554067707215,1.2528553731228247,4.742899330231945
2025-01-01 08:13:45,71.05134276805771,113.55016870435607,13.744894780973043,3.935014243976244,3.571137864408966,292.6472336940827,15.820403709472052,41.656771715528045,466.17193310193346,364.26974204941513,20.08324057933157,18.625231279146238,1.0782814064605895,4.345352410258975
2025-01-01 08:14:00,76.63187050847387,108.33913114762007,14.512827979699129,3.877106506670061,3.4910691089639,310.9996527167434,15.615602592299323,36.11884488509401,474.8287739348919,375.3960170926303,18.76519723963809,14.944032176181688,1.2556983964171804,4.308561873766661
2025-01-01 08:14:15,63.91549886173895,117.21226334440153,15.5745000824297,3.6629254030301865,3.6732956887694037,285.1374056659844,16.25358867130686,39.164436331134475,519.639649313164,376.2342495658541,17.57718348619191,16.36926110369857,1.0737921140631335,5.555350268195414
2025-01-01 08:14:30,72.51257284663586,113.290043399653,15.634037607813376,3.727652574950486,3.5649909518306444,273.7767119927498,14.677985098596782,42.21397262788996,470.8585930946812,355.2514955756262,19.5953151131319,19.499341614147614,1.0049218840760579,6.763973671276065
2025-01-01 08:14:45,71.89167781235416,117.52881170793034,16.181274726226327,4.0152070050716935,3.7492563603536295,302.7202966254522,15.441154451380404,37.896925063306924,490.45946852232896,342.54795204161695,20.959652139100083,18.300571659027977,1.1453004053433673,5.776913837088404
2025-01-01 08:15:00,69.63387037873797,117.37937549947992,14.341022740988484,3.908683203124861,4.043300370152517,290.25850580788136,16.580762835723064,52.11421917977671,488.55244012514447,397.7974120821643,16.420744561824353,14.514818466049263,1.1313089860705545,5.9021912127866045
2025-01-01 08:15:15,70.25982126314847,110.48529691513409,15.41093665408574,3.615800361382384,3.637368521658893,269.32813485170203,15.25092799475899,33.25953922461467,479.59199313059685,364.69842145429624,17.6113843698279,16.38120069012408,1.0750972839521755,6.721543780603817
2025-01-01 08:15:30,72.23614428564731,117.08755310876674,14.70010819923774,3.921678700917913,3.6333491584670017,297.99049881828734,15.940296226856685,30.752632530463927,523.0936827954683,366.32602976958106,15.513708159774396,17.79190043195723,0.8719534048149898,7.000510639785052
2025-01-01 08:15:45,66.226717707934,119.35995658654782,14.550793846011862,3.928689520304971,3.772251801421615,278.89030287858435,17.721607664111335,43.82132142869639,458.432534041475,357.9840445702349,19.30190350312962,18.540148508605675,1.041086779546041,6.863726147814184
2025-01-01 08:16:00,70.77184182371104,115.79836682198489,15.771163547062043,3.325973543729839,3.6981162798142218,278.76737449120026,19.006621152389737,35.8848853563607,475.822727602782,365.3759967200993,21.200091927893816,19.04692631718776,1.1130453058330498,4.75564341684751
2025-01-01 08:16:15,65.25481918393511,120.29533772237511,14.356386020620711,3.7818983823762062,3.524017208693429,296.78979579600247,16.216848027663403,30.974892421720856,476.3826896107115,374.22419901750476,19.72623578350501,16.648221695055707,1.1848854577281027,6.461601338875313
2025-01-01 08:16:30,73.24262063009996,122.34537719058586,16.88040405594328,3.6718525316078354,3.9738771580275944,304.616136892846,15.019036665103147,36.073396609816015,480.9072073806359,384.56531621575317,21.060903557798092,16.33822652432444,1.2890568952782302,7.853241518573963
2025-01-01 08:16:45,67.23289998064634,117.97659437765547,14.638793042948766,3.9506215417256585,3.558327492964614,293.72410537580174,14.008754428167792,41.67394873483547,485.62268143895255,389.56342704466715,21.102628015716718,16.565717819971226,1.2738734442449517,6.90591035025036
2025-01-01 08:17:00,74.04889574664263,111.96924168072597,14.71400858711219,3.329737358403611,3.470268247265053,294.11856554862476,14.685681462210637,31.37632188425294,514.2918524008102,366.4447327749954,19.11228423977953,19.527422685413047,0.9787407456518251,5.611643224453648
2025-01-01 08:17:15,64.29956760548475,114.50710979764611,16.838080924916206,4.026667838915595,3.8891719892353707,289.21550593297525,17.060074541117874,32.83174669806418,482.0699679482323,387.72643572833806,19.97884063994484,17.230222966182808,1.1595230473312303,5.8809045435953
2025-01-01 08:17:30,75.27684665161414,112.26959896040708,16.042925796988058,3.7229931293314062,3.529874459301198,272.59908902647135,14.51918114389899,31.547075708576333,497.3604383313457,403.0012036611416,17.46469233026124,17.68348577087012,0.9876272447952938,7.316664366399978
2025-01-01 08:17:45,68.2187196588084,114.21015872201946,14.933571563248313,3.794710809534549,3.701312938961331,267.11105515634785,13.511909535275828,34.59532028252597,462.78116443189367,388.34990412508154,17.564431128986357,17.551210004634505,1.000753288482581,5.937692535870617
2025-01-01 08:18:00,70.48036858600518,119.14154775837275,16.144908430898138,3.7606627036354556,4.070542459709074,300.72191969472067,12.511113077630304,33.625755306141606,471.7728469094894,353.1956361493399,19.230923541594983,16.2412346292731,1.1840801503435758,6.169916772868886
2025-01-01 08:18:15,66.50830694033958,113.00591353395824,15.189405821450174,3.6806265983019473,3.4674218978750257,296.6992722320787,16.790752583873733,32.769845147139236,461.23439633854787,385.0680117141026,20.892544927213216,14.691662848928798,1.4220680900485365,5.864282935228306
2025-01-01 08:18:30,72.15075958745341,122.09483970522155,15.234357433913368,3.9944569597224717,3.5845569201539638,276.39164540632686,17.622468357962056,38.61291047801293,517.0667257652352,368.72582962320007,21.017079938504104,19.833426992002085,1.0596796986713053,7.089887338328785
2025-01-01 08:18:45,69.61166453150597,112.93392416574818,14.161841355047283,4.114976440594691,3.9793284000900773,302.2394164281133,15.528432745133085,33.52381026278364,485.85395409378674,384.0521564898613,16.523397309787395,18.431769769677153,0.8964628744967671,5.163938234330448
2025-01-01 08:19:00,69.51673512373488,110.0126709625529,15.868453094976914,3.6842580710039607,3.7271044381008305,285.98188601500976,14.418011685036953,43.11730949700271,507.4100635003606,382.2121195954789,18.39541713616961,16.420468199287345,1.1202736068736443,6.8532770667845035
2025-01-01 08:19:15,75.61758232170156,121.8667482412243,14.999239476527519,4.164711070048916,3.5482081701802444,267.164517483201,14.368501209848503,27.88062635444723,472.59274689798167,357.02342705502474,19.891816783288334,14.59925654007449,1.362522586591032,5.01049347489385
2025-01-01 08:19:30,69.67163170382514,114.49271994918233,14.10704249877981,3.6380292665825023,3.7063960207163458,284.7420197547064,15.852607524697685,26.912836450850293,481.2457150440395,376.66642639916614,18.66720828730802,15.985568422671289,1.1677538010367863,4.557664712987448
2025-01-01 08:19:45,69.00574582925262,119.44188272537507,15.323650769806195,3.9397008210408537,3.527248012081421,286.81225201680263,13.854660687029865,38.40920492899994,509.8441803806497,381.4883393731991,18.619481355392075,16.352588563246243,1.1386259296733519,5.173281605268064
2025-01-01 08:20:00,91.97438107610196,136.38398692827028,18.061151880401923,5.105193602282651,4.569089469600492,224.8190221948441,12.460765914670057,67.41471225040024,442.0232250794275,389.9877647715966,13.978199700072599,19.316747581286826,0.7236311206765488,11.235525231096242
2025-01-01 08:20:15,88.67134938265171,134.22030892881236,15.928918858806512,4.983634612152104,5.127620881309627,188.6817698878698,10.032368526040502,73.64384841764311,482.5526812159177,323.4403584787833,11.465063506607526,24.2534906858736,0.47271807819751616,11.68168621693796
2025-01-01 08:20:30,78.17439996820075,127.72087724654428,16.948547389263783,4.734103034094818,5.135952255183713,220.29910208865368,11.69705620804896,76.77877303992103,479.97348690901856,415.11710992299146,15.36666210530932,28.30647470906949,0.5428673921159737,10.861344317035334
2025-01-01 08:20:45,82.87162510449382,127.85353561368734,17.15936481749703,4.999345392212082,4.976414856401458,210.37497652436025,12.873868622582098,75.487727710239,474.3185382656917,392.7830995574653,13.182323747100206,21.071156076457854,0.6256098953122181,10.200248965500377
2025-01-01 08:21:00,80.01343784819984,123.6684038629888,18.944113720419615,5.223136041198288,5.077206276263933,221.75361294922232,12.785933941345837,81.09316419271735,487.58603990577495,355.1443817451308,12.822730716084777,25.796122844235896,0.49707976634752293,11.306267843856526
2025-01-01 08:21:15,84.29361849400088,130.86141993510586,19.74382977192835,4.8031902354396685,4.535494248511647,225.49732864770604,10.804510896330386,65.95306672191585,461.66635255546913,303.6115209675988,12.631434322314606,20.581869492815144,0.6137165686879936,11.31580362623398
2025-01-01 08:21:30,86.18771027032312,127.34472293033788,17.324787900952973,4.8883885274000765,4.735057616372293,186.85592641890085,11.172089983408766,81.85067212550804,496.41381427823995,331.886972322999,10.168386663078198,24.68538004032321,0.41191938898523284,6.452400190811347
2025-01-01 08:21:45,80.52135514103766,132.58506926574526,18.513991907994292,4.991932877498308,4.643111287639501,237.6006271883542,10.398662774356941,73.78163055122575,468.0627636141516,404.9652677705704,15.099309350718128,25.553322445892853,0.590894173651576,14.295056666076647
2025-01-01 08:22:00,93.93241403771641,129.3787611796887,18.289213213780243,5.153554224861855,4.963370935860941,214.26142062290666,12.703312364578744,71.24163371779579,425.8778667056715,390.19870106784253,13.036160706368786,17.768982793162042,0.733646988019226,12.002630356369547
2025-01-01 08:22:15,78.89645805823226,128.09945269791217,18.8486670116437,4.538733939915614,4.6376188104853036,219.907585741556,12.79007688563199,69.70380733098565,435.5244009924296,329.7289340213781,13.397626990768416,22.74766934464267,0.5889670184573746,10.149372089593511
2025-01-01 08:22:30,84.2115473053384,131.76287300603119,17.049339359366147,4.500830744664763,5.479007914148796,220.80977325486887,13.23181551930854,86.82320965834973,450.34083458674195,378.31131753329896,12.964016366393711,26.338578957706908,0.492206371012295,12.515472702426194
2025-01-01 08:22:45,89.68915787765481,129.28570030851617,17.7736208680949,5.270410625874437,4.947756540138298,191.19574044921717,13.3748949039325,71.44582544509919,425.02439713540014,384.61742431902303,10.311457165436577,25.28554431665241,0.4078004822164622,7.758120228704339
2025-01-01 08:23:00,77.79507317361286,133.10385338405288,16.873354866612864,4.621800190880519,4.819005216393168,212.48805409063024,12.566203051810419,62.59511909548832,395.1135028904409,371.6059534131749,15.75733814096205,19.55801864704063,0.8056714959388962,12.218383175511578
2025-01-01 08:23:15,84.74515585728123,132.44477119623932,18.27345409823724,4.8687342438413435,5.146978676008711,209.8101017355653,11.134959639488745,65.39420243435352,504.6765075600112,394.95487783170717,14.46488171331068,24.950597220869806,0.5797409009998206,9.642060618632948
2025-01-01 08:23:30,84.77206874200328,128.6522776072447,17.919620156054503,5.038780463962092,4.687317469468477,200.04464255985306,11.82197139906619,68.79690101141463,479.3076813159046,349.87675090505894,15.729537061058338,23.154423762346013,0.6793318297403664,8.51272257761882
2025-01-01 08:23:45,84.63166237137919,129.75330352202883,19.592510145255996,4.884148653272961,4.7308752001700665,215.31936270928665,13.809417563593403,61.0576589133876,494.60234654607115,353.8646590665221,14.69732939151198,21.232606913777943,0.6922055992085838,11.23290219199386
2025-01-01 08:24:00,83.70037999844216,123.55875226255624,16.457158651175742,4.792303935773665,4.814806282648622,203.15027073982267,14.968800273798148,69.11333277091313,441.7536880576228,364.06060423553976,12.891347276141023,21.389099607894387,0.6027064024416916,12.639657941232915
2025-01-01 08:24:15,82.45895702645716,130.02853890091023,18.351264870845274,4.898388027109884,5.1573051473475395,219.63156646885656,13.735818397585346,77.30475039622759,461.08320765844644,375.78633485065836,14.576570016674472,21.648022985275087,0.6733441675754597,11.279549610482011
2025-01-01 08:24:30,81.48768745824682,123.08077287025722,17.540974296297055,4.512634075265171,5.190691036017173,204.9637433244151,10.3953450397314,64.73621305231724,499.328217485504,375.38830880411666,15.619683935327961,19.494781855795633,0.8012238377873596,11.307874589008723
2025-01-01 08:24:45,81.47258157937443,132.9290176766719,16.152747187120603,4.979796629753647,4.407078420808266,215.9855684172772,13.625921929397357,66.76436272726876,514.4174377717052,329.87513826416796,12.716531191321355,23.41722694133494,0.5430417198064882,13.821471529342048
2025-01-01 08:25:00,91.5532412056231,132.6742919238285,16.255579553972247,4.925204666745558,4.873133108014035,204.30182017496423,14.750146108013759,65.6589299383996,505.578069561964,383.28883588304586,12.481704592140968,24.476149553919626,0.5099537639547614,10.915159748474718
2025-01-01 08:25:15,90.38407484229499,127.25297350272275,18.400840445335962,4.972990867090725,4.8393362893250345,215.91616433069436,13.059859936822447,71.8674870168613,439.28210721899967,350.9837393433162,11.82324218244069,23.33280429938499,0.5067218680933406,13.712452487082164
2025-01-01 08:25:30,88.18080508274183,138.36769119477552,18.160339264219623,4.7334361491003545,4.934658433712971,222.40132593307777,10.338452207408988,61.97391728699095,432.2304857855986,412.03005061401143,13.587252224545086,25.932117012145913,0.5239546088034841,9.578932333309485
2025-01-01 08:25:45,87.88582722882313,130.24987336284468,20.506553573532273,4.677998193920404,4.970954233953623,201.9219958999818,12.39638576651411,58.183434942952516,510.8210985629427,368.7506739699273,15.27824794428546,16.943352249061626,0.9017252146859909,13.690896554644572
2025-01-01 08:26:00,78.56569690171813,118.82687731290403,18.00023859947156,5.136181552565515,4.431718296974871,223.77474395123087,11.463022323462429,77.75578302873738,483.94425978153504,344.98593976491543,15.14105474827485,19.874690759112543,0.7618259288554051,12.330735288906133
2025-01-01 08:26:15,80.72392832262395,126.51305974224377,17.974958357381066,4.856530226488932,4.522340103856364,206.55680053548528,11.758859605334019,63.526999700312956,426.6754258245233,344.32275794136154,13.899499299553845,24.109821563286943,0.576507763156539,11.038475235464874
2025-01-01 08:26:30,80.3804787103849,118.4243922854273,17.190591418653955,4.879063726834561,5.278631126162863,231.00336935073778,12.533848034761126,66.85160661439728,441.6855240244263,357.34572707094486,14.514889371971725,18.223209483632832,0.7965056531347162,11.409548146806381
2025-01-01 08:26:45,87.10973226163978,124.22561078600508,17.151878195367168,5.553536480348809,4.599781906972141,239.13948189084246,11.156606890040573,84.45817133330226,478.80507967999586,334.10174921255725,16.51083066561721,22.19703480815291,0.7438304624162154,12.006677577146794
2025-01-01 08:27:00,94.00510676867532,123.32551443822123,17.43111854093389,4.603768790258405,5.07318986496312,209.31706694238008,12.186204528107048,73.71887353300916,476.2468323465811,358.57920519297176,13.504485697216412,24.18283373773848,0.558432723132112,9.4715821604863
2025-01-01 08:27:15,85.430135896102,121.71064758174214,17.484768066988643,5.268783142508144,4.800708673638093,206.22200996050185,12.466128959106905,65.75259735033524,492.77258172126886,396.64051964038157,16.03047214540373,22.353465343924718,0.7171358846945194,9.755153444164424
2025-01-01 08:27:30,85.33355476299508,126.84684262479423,17.590839671045778,5.007111154465539,4.664540847787086,209.99483589912637,11.918616170056747,69.01574277343482,446.3165978225048,344.99978623241475,16.52235762328266,16.60169645668848,0.995221040595893,11.306571234092585
2025-01-01 08:27:45,87.69984588291818,130.43716626540188,20.189920438098305,5.005228187267482,4.6361486122151465,232.26760295250872,11.536955780529638,69.68103298154458,471.1429174556383,430.70787446380353,15.265320610984253,23.50357433019044,0.6494893243269763,10.379938571934522
2025-01-01 08:28:00,84.50011551651602,130.7580248279318,18.869537978303427,5.273450521832676,4.270294935775342,222.68068822561202,11.177084768987275,64.19328905003358,428.5697902675261,346.94104191236727,13.01497285614046,24.874883557711836,0.5232174384231637,10.739003911176919
2025-01-01 08:28:15,89.32629816448387,127.42938591729553,17.560529211103187,5.1909740676356915,4.9158855501169185,209.901218710327,12.36809838572584,60.17319406936114,471.96932842998945,381.3321957057302,12.03294894113836,24.203282448037744,0.4971618608745327,11.065800323846114
2025-01-01 08:28:30,90.17109610392448,121.17368619286917,16.49990263373058,4.660521150680346,4.728148204678298,222.88463824260847,12.208604687953958,55.96223369848355,439.0437644677022,361.3665488644888,12.269509116443128,20.381187535059464,0.6020016790158705,10.65617575724536
2025-01-01 08:28:45,84.05704332663123,134.7585251464593,16.833345406443712,5.084641470731119,5.156043021511631,205.59208760909655,12.171192298743312,86.295045088372,458.8481081954103,335.8680567015529,15.435211354664181,26.46890548986871,0.5831450552638904,11.94170789481935
2025-01-01 08:29:00,90.772349159613,138.19274749094643,17.52626500932779,5.124959400726722,4.624379433291277,207.4589935099145,10.905928399872455,89.10613182494107,468.88495800355076,348.96752452468127,12.965538339966129,26.928349066482788,0.48148285318033446,8.307185419894047
2025-01-01 08:29:15,84.02419123011613,132.31949360992252,18.861956643205883,4.924785054483169,5.041448240389731,227.02234281094704,11.836697726344104,70.49093315983006,418.14733085227056,378.0151413003948,14.407705246534537,24.869549893173936,0.5793311623419887,11.167780340108228
2025-01-01 08:29:30,80.81550968494652,136.83358842248003,18.02527904384094,5.4259169709643285,4.842670380098992,230.43675459953565,12.68962762913158,68.93554310095887,465.04273005043075,402.50139738284037,14.133706858264599,24.34228634656167,0.5806236381021364,12.562632167975584
2025-01-01 08:29:45,81.50504879588276,138.0041037315844,17.95684290004031,5.139971138165746,5.1906654279213,200.8622920822331,11.15002083188274,73.67859583533273,459.4886964581459,353.3545631344072,13.586792703554169,23.84146008309867,0.5698808989129787,12.427112744605587
2025-01-01 08:30:00,66.74654611008842,121.53228632572983,14.894678778363136,3.8590182453591804,3.582251214301558,272.21472499104834,15.675688639488389,34.42919490758344,498.18390327797067,386.28449054115003,17.94777878412533,15.452254027192351,1.1614990766098874,5.391282709195399
2025-01-01 08:30:15,72.40142476155967,114.25784054544164,14.376240429595326,3.575182566570566,3.821858763492485,271.9701914607124,17.46391718948881,33.961886711143514,489.6772698023104,378.9509743990816,19.76785734253414,20.475783210178413,0.9654261885673625,4.748602528296538
2025-01-01 08:30:30,70.99260489388314,115.01475021794555,15.884303644954779,4.012395866217666,3.415997801721384,320.01031140015385,16.466159675051024,31.37021108745984,469.73172244606405,368.6816290709197,19.95955336788419,16.69942162253018,1.195224231056935,6.618048548925136
2025-01-01 08:30:45,77.20688361168398,119.62000334829598,15.122483192650405,3.8095201364260562,3.744317946225866,282.59337103075825,15.600995450425133,30.42646874263681,529.004427882283,379.65171225641615,21.285620072792682,18.20960239207477,1.168922836121708,5.560246390993752
2025-01-01 08:31:00,71.15920468904844,116.32415830928628,14.925198413965846,4.316877306986489,4.103059731462188,274.05447569574613,12.743989735460213,31.617651039567704,503.9846449675661,355.224733589343,19.133383251357554,17.037238293516765,1.1230331419757416,7.420743394305946
2025-01-01 08:31:15,74.24583941871651,113.671664566828,16.6068926635921,4.232793933255761,3.8483060157695737,293.52944830375736,16.541453970181205,40.184761737545976,475.2176279425772,366.95698471747056,21.535380030175677,17.813234734962204,1.208953923899514,5.290715114937402
2025-01-01 08:31:30,69.86873859707445,113.81261423980003,14.597992961797605,4.184362899606601,3.36800107537927,280.287659189421,16.223107985746857,43.91272898970093,491.48381831351827,399.96634631283996,18.879420380870847,17.628303107292563,1.070972076323144,4.756415654239316
2025-01-01 08:31:45,75.09453399685354,116.05570755145305,15.123593785537977,3.39306594220792,3.5437155288696376,303.57838369202267,14.572933186583683,36.025954094372445,483.8067137793796,357.1741626506883,20.288559464719658,17.691825437638865,1.1467759240692208,5.777607814342009
2025-01-01 08:32:00,73.30794971098784,109.27603857331609,16.91047508087075,3.991192488318313,4.054978662967727,265.94300549472007,12.603648506283864,41.74304137175678,500.7744801394541,373.9840199875904,21.081086825869434,18.862514090852926,1.1176180823155684,7.474093743664003
2025-01-01 08:32:15,73.10822431418421,116.1651325457537,14.915083212990659,3.9959751387119224,3.811065799129673,296.84822089500733,19.048602885542216,41.220822114994014,479.945105640051,377.762043106006,20.717903828621324,18.560485577319476,1.116237166442357,4.425140589837737
2025-01-01 08:32:30,61.28363404925692,124.52400439310325,14.133249596191497,4.111565559313609,3.6574589690032973,297.66534712643335,16.676825447724685,29.29969859550736,456.24436991849257,380.79018790326575,16.198404906812918,15.588836767416437,1.0391028624195098,6.446735789154295
2025-01-01 08:32:45,68.4612799531618,115.58533547715712,15.699934930540818,3.8331726216297595,3.7605203812831585,293.8519382988789,18.337317528970612,44.29740603285306,494.38955363044664,376.2823561090937,23.64092609773351,13.868171911544778,1.7046894319252885,6.2173140205764525
2025-01-01 08:33:00,69.3274459239579,114.24487123701029,16.073352016563447,3.926052951647173,4.051527930075335,326.78005698483696,14.4856578384028,30.53161575014249,490.9126874289014,389.67580128337556,19.43631518594019,15.451612634242416,1.257882633095995,5.857212486434676
2025-01-01 08:33:15,74.0065253974902,113.22532484184555,16.591914274161535,3.9583484932659068,3.6237096203172596,288.1769904358905,13.359540364731414,36.006337193784205,488.4124693939272,354.8064724935232,22.05220915627408,18.613989342848072,1.1847116031978955,4.589290088410876
2025-01-01 08:33:30,66.37156300129986,115.73081702199568,14.708841511186588,3.540700358350364,3.689521056770219,288.78295667076196,16.26611233922226,29.472211037249142,518.7132881683536,387.9566598286908,17.81893515229673,17.332008822557153,1.0280940504199292,5.063436400096544
2025-01-01 08:33:45,68.82038895993185,113.78898999055798,15.34672555850623,4.184094814302893,3.868775516913863,261.2060490180262,16.551577368426383,35.78637407655738,508.9951551403893,374.29955478466644,18.870387838228513,17.15866135740085,1.0997587425483728,6.905249328675813
2025-01-01 08:34:00,69.59155924218737,107.97866967017433,13.359618669471098,3.939404654248505,3.5756404143719065,263.6469633511367,15.448959800232066,35.20760433446487,464.82838425501296,381.7087943714563,22.23391576680557,14.810513736111945,1.5012251541682453,6.85480711515693
2025-01-01 08:34:15,70.1169262488864,116.45146598095191,15.363107002463618,3.9495993456590592,3.6193119593356986,290.45236380573886,16.108511520412225,36.68479784550448,457.9320390101995,368.63793827947615,19.911236273468596,18.949002073814285,1.0507802044617445,7.8026709503230185
2025-01-01 08:34:30,69.78907516233507,113.62702546361605,14.694012183506477,3.9682630132879857,3.6334581318919144,286.858476977339,18.741908284376095,30.4762433110035,499.5549043084916,387.24872484833077,18.09395946309676,16.13574318134132,1.12135891478614,5.721572179148798
2025-01-01 08:34:45,70.09029635657822,115.3709726916263,16.319879666163015,3.8594634373245627,3.7127986566335576,285.0077913447352,13.805347823084531,37.15142792346966,490.8527312240142,371.2976765726696,18.057411702978264,14.935034202794963,1.2090639671651355,6.600936480261986
2025-01-01 08:35:00,71.92153282294156,116.13994514525747,14.567724720963145,3.6100670865833995,3.506939475841437,288.95963660343676,14.631683360159336,34.60300230191758,475.1932922715723,348.9660046140086,18.28987208213542,19.91247560395823,0.9185132198479496,5.044026871374669
2025-01-01 08:35:15,63.1791235727218,119.70332884446138,14.533242960784595,4.174706115401015,3.6639191392785726,299.24695438405246,13.327402789156505,34.86407668613085,466.9549414056172,371.56394436829123,21.215366574750096,14.606487551841248,1.4524618940352811,7.542748364318752
2025-01-01 08:35:30,73.04689715796148,111.34369284914978,15.668966978676554,3.910601999716131,3.648346015022092,278.91996494093297,16.875013888377055,29.16918562236795,484.56750640111363,389.27786742435944,25.92760853544566,16.06865238566997,1.6135521457025177,6.4879432327852795
2025-01-01 08:35:45,70.12989085847353,113.53841195722528,15.773535244072967,3.82671671545189,3.766762967029864,284.4403880259839,15.8342877285862,43.84649643490383,463.5125864235618,381.0096299493693,17.882793505628612,17.667545659931022,1.0121832341537829,4.781608619091102
2025-01-01 08:36:00,70.99472932629193,114.61393235428483,13.989212659477857,3.7542672041476677,3.8155576666419306,282.71696408209056,17.677197785785708,31.64114988592308,469.6326203755762,368.7718782826418,19.91883846695582,17.325089999613862,1.1497105335325684,6.7547783014588285
2025-01-01 08:36:15,70.75523655904718,118.01763384831092,15.766863406589067,3.55789292191714,3.5016593935096862,264.2750225659391,15.823273881015671,29.30729685294218,479.20711821378967,369.9982902056619,18.323456648886367,16.89468789497603,1.0845691120660008,7.843328680946747
2025-01-01 08:36:30,74.45192845112744,118.07027008776176,15.405264235572698,3.651175624606146,3.5063591078329526,305.0979456768331,14.872012288465282,35.76856155533196,483.65765426825436,363.0388120547582,19.24577556144472,17.69518013407892,1.0876281233430072,6.857747546641287
2025-01-01 08:36:45,68.14548771488813,118.15450919013199,16.028729081555195,3.6581946950675706,3.2987467301824895,285.1540020810026,17.341654157653302,34.951678609367036,498.5562669245277,386.32609393487917,18.73416850161897,17.026610821812312,1.1002875849854485,4.9055146286128135
2025-01-01 08:37:00,69.91174629689658,108.46781489274217,14.82783383373928,4.264227560635905,3.4624662430735507,272.44593958594174,15.585617826995348,31.9849435682926,495.8656049804427,392.939134549251,15.061245717761778,16.651353083208782,0.904505816584331,7.209301781001896
2025-01-01 08:37:15,71.51423471851294,115.90542448476882,16.164034404815485,3.7879426785179287,3.859665866430948,260.9173382944942,15.664498737198437,34.615160899352524,455.61599424431716,379.2191020665945,22.592966218304106,17.418347297229523,1.2970786397109921,7.963964403594283
2025-01-01 08:37:30,72.16725859416174,117.87699268506688,15.317908591657265,3.455172398606527,3.606244448208121,285.21634543166715,15.368702140561625,30.69762711635285,466.6610605639605,378.8396341957026,19.65939295419869,17.577885932188465,1.118416232193121,5.589655519042474
2025-01-01 08:37:45,71.49020830717049,119.52750418416205,14.07665040903,3.786792742806084,3.650260825506796,306.90986478237994,14.451218017689998,40.273064405554976,474.90492129887787,357.49240475251287,19.548072833318617,18.027037925806408,1.084375198730502,5.374686994355705
2025-01-01 08:38:00,71.63689238695547,116.59726777285279,16.15611796609339,3.9012999814849705,3.984607659305357,289.2334503163473,17.337385012749333,43.36810157471862,486.2963540050758,374.366594612048,20.18259615481292,15.294208938432751,1.319623410145533,5.528464923263441
2025-01-01 08:38:15,68.21270525530646,108.09589583229433,14.945779965825063,3.8599113226038875,3.4763962595399076,319.51208979070765,15.452010746512853,33.061389314947135,493.12652189302935,361.71877796377254,20.732673990506065,17.796141625116665,1.1650094962856956,6.104529738805918
2025-01-01 08:38:30,72.3156120652819,116.02811119638278,13.922202717272464,3.719472651765381,3.9330638747594144,292.2540326062945,15.09379315739856,40.619479890392476,495.63142335407775,369.9971536698124,17.556044859716707,17.81623950976432,0.9853956470497037,6.5720116095796905
2025-01-01 08:38:45,76.4832966805817,117.11368715606106,13.989392340729346,3.9119605917768574,3.7971907436930756,312.9883718562924,16.315777278251705,29.698004624666385,511.2539667894044,359.5305184745225,22.666971884814668,18.843981639369563,1.202875927105446,5.924972627521642
2025-01-01 08:39:00,67.96568676096298,108.05998653705065,16.510927787473967,4.016383158911156,3.3542872054624664,294.81488754360157,14.248802375338379,35.8336380202573,483.4220217641125,372.01985315449224,21.379273893479535,18.020680593905965,1.1863743870311614,7.138454870242533
2025-01-01 08:39:15,74.75642272662847,118.87937286564637,16.196154859371727,3.8141707244940095,3.912300248643384,261.32550507694737,17.620102302998337,33.79227040110906,494.13179417452653,351.0168194384994,21.363081477595426,16.385446028048605,1.3037839458886933,5.4606713437374905
2025-01-01 08:39:30,70.98784860214502,112.10469538480096,14.411437536125323,3.5281359036607576,3.3621550562616385,283.28585436078254,15.621270638265708,32.64699324384092,531.5443913200234,373.04676742637673,23.94136096057852,16.333283096840066,1.4658021182042915,5.765979011625147
2025-01-01 08:39:45,73.58807656080221,116.69264511855948,15.104460470393189,3.3797703706191924,3.7101200992311036,308.0392037165988,16.371360795454642,38.92840624450833,513.5967793616142,385.8814515538872,16.646873165464694,17.734549020353633,0.9386690998659942,5.730871547583269
2025-01-01 08:40:00,88.65003554669133,126.71433634573229,17.76488055279414,5.061231086595742,5.300666725822029,194.66420747204455,12.197905708465347,74.41347940047297,513.7644536067105,300.3491037717087,14.670318285634885,23.985153215325525,0.6116416332192182,11.950257002550108
2025-01-01 08:40:15,87.54954843950168,125.99301183369363,17.868988769594228,5.022561641669902,4.866184003696839,199.05675793630434,12.052620279784017,66.64439432489772,427.38414397318496,361.78636903173674,15.990745955201238,21.34879282979692,0.7490234264151295,11.77262855747466
2025-01-01 08:40:30,80.39947493558766,134.05337990381517,18.179259222413855,4.873351495756198,5.011837773171982,225.1001958058431,11.186372084025942,71.35098402733566,485.7160148916323,396.6761127405606,14.74652363597535,21.45487656205872,0.6873273585760652,11.684314497156166
2025-01-01 08:40:45,88.23346292386222,132.7634587683112,18.94462553270572,4.845588827988178,4.914208528348749,215.46120858307052,13.04883862922528,63.25157034462712,464.65560252243955,360.81038320120865,12.818954667355367,26.107646017143985,0.4910038484104467,9.905814484660288
2025-01-01 08:41:00,85.82832401560695,135.2429349284729,15.350313327699789,4.8394322035065676,4.855555367997298,224.6658265906172,13.430394368915143,71.93065825625715,520.2248718789606,337.68840200463876,13.563779355539648,22.846255791778557,0.5936981306328849,9.4925040225168
2025-01-01 08:41:15,80.01961470310945,138.67101817557574,18.39799910175589,4.661826162954254,5.113319619810066,205.30936823098727,10.287777018940085,67.60850986800682,500.29878959939924,342.74488625173905,13.641761009391358,22.749034377513077,0.5996632992420962,10.771920176281371
2025-01-01 08:41:30,77.21156927765882,122.5898269105363,17.49478929294066,4.818015221789264,4.731162438042843,218.3513680641145,13.686934043680086,57.19507826520194,472.9484917980402,378.28513995611894,12.291917052068335,27.480215887112134,0.44730059991388516,10.78635610429637
2025-01-01 08:41:45,83.90615456525272,137.97913731787568,18.02846398831292,4.9205657006411885,5.030024925182399,206.42988498917083,10.409940461523444,77.694254919801,423.7113207037935,360.8561553664672,13.941149500976644,23.123798764671896,0.6028918363653843,9.373625152493306
2025-01-01 08:42:00,88.06470621464942,126.00997467804524,19.835651383700405,4.55369112484749,5.068402093228956,226.4676161205593,12.443828546021553,69.48353751170141,524.6352366902656,341.37793860179016,12.816970744150426,21.12739281814706,0.6066517934546793,10.160268608283198
2025-01-01 08:42:15,84.7923167373131,120.74699666996553,16.665932538161787,5.094460076990115,5.301721560058907,230.62473167960917,11.493973202238486,68.80925791799277,438.8287623995986,371.51612392496725,15.019688730054682,24.08309421518494,0.6236610875601037,11.139689699318748
2025-01-01 08:42:30,86.31669476308544,133.9905319242618,19.45076756059875,5.015572382604972,4.739319453709088,202.72808754720432,13.725011116280005,55.94097078951028,430.32224242558266,371.6956871460021,14.742819196407694,24.445029865510993,0.6031008870726743,12.071797598088668
2025-01-01 08:42:45,78.01966003855128,129.3718565468641,18.657584145584785,4.990957129807524,4.8536395089391595,212.05213705181333,11.06360059987063,64.62895958298454,440.86651738081247,350.9479148813758,14.094963946432213,24.755258864245675,0.5693725128760314,8.955590143015076
2025-01-01 08:43:00,86.00648934242781,132.4170570527628,17.941827799545727,4.781237245948909,5.26727422748814,236.044232239383,13.475907738424622,65.88423639067994,518.1553801035732,359.3333398872325,12.45162730082399,28.47505374818163,0.4372819595334084,10.298590194506197
2025-01-01 08:43:15,82.81954608003122,136.60448401407126,21.105960630634065,4.927691685881227,5.181676698151486,215.94044221079744,9.782199783168014,81.75800807907635,455.48270191059686,356.5907485311727,12.034014974362009,26.35968697776011,0.4565310272658097,13.433797104481503
2025-01-01 08:43:30,84.41201433287301,135.52163967077453,17.315721090482686,4.955515242522488,4.850861107712514,208.6942234182782,10.994000139270145,60.320650156784545,498.7600774607246,375.19165629839324,16.701727156367777,20.5031122176589,0.8145947297690217,12.843054433287067
2025-01-01 08:43:45,87.27854041244042,131.97588766761214,19.32241655087345,4.5695179114832944,5.3627116502726375,233.89106392164754,11.27919661833577,73.21348489219638,478.6726837272746,420.95126943001327,14.471584693932238,23.300998856727993,0.6210714305817698,14.314393749636624
2025-01-01 08:44:00,89.15977812614878,136.56151974177527,17.960511633150368,4.829236839284817,4.558969489038494,213.85790343044965,12.423720193998012,70.45539475125909,523.5094919321432,338.08772022975063,11.90953399823591,27.593621647642674,0.4316045987117948,10.114900700575514
2025-01-01 08:44:15,84.73848584087212,134.81603488539486,15.89456455449835,4.933810488123456,5.178447826517584,201.50524041882113,11.722867127726527,75.04921033904506,486.5264566248448,384.22724837403644,14.96198964844141,24.202534910429364,0.618199279695863,10.388124493033134
2025-01-01 08:44:30,80.70598606117201,124.63737617169521,16.74906907761068,5.331088395272506,4.821938115925496,218.1825886796035,13.448899551632184,59.9436344017936,472.4720394816553,334.46526867248224,15.00179508004006,25.125309019841385,0.5970790276924827,10.714942776799086
2025-01-01 08:44:45,84.61344299796606,131.81352278774196,18.800587306754945,4.839555508816627,4.441652701529658,204.00549941413792,11.135073720377482,73.14674817866694,507.25423554372924,365.6382347482,10.62536377424757,19.668390058038053,0.5402253942948019,12.20061262875959
2025-01-01 08:45:00,84.3287504997077,140.54204673609527,16.958408965201436,5.103093932553691,4.5496095958110905,206.38668587774015,11.434561037059535,64.49415208163528,468.6529992341864,339.6157397163601,13.937027390824362,24.526082982962826,0.568253291832446,12.365537283962805
2025-01-01 08:45:15,82.33632983003324,122.63478914490095,13.961550438953301,4.82170709235976,4.4356133586445265,233.32279900916944,13.380105363385907,72.32414390135393,540.1507964274186,349.22047088047196,13.065730353863012,25.40175409177364,0.5143633115515573,12.391317912291797
2025-01-01 08:45:30,84.13767698050334,124.50979975458915,17.301283868776775,5.218578775954269,4.715128809752609,199.48639477858094,13.626260558412879,76.56983906679717,493.9585530725086,394.96438642512476,13.501167028310633,24.788025822264462,0.5446648767076869,9.261154017884758
2025-01-01 08:45:45,80.88073322003306,132.12151260917105,17.36232009056868,5.060173754190283,5.074711409717669,242.983231228889,12.688935813693945,72.77305223141435,441.1038054185443,371.4563190833199,13.43443418247045,17.664822142248553,0.7605190742532086,12.811329629008982
2025-01-01 08:46:00,82.91754744122719,128.99874048339376,19.180257053225535,4.58907938420363,4.932656325456477,203.03185889420178,12.308536542376418,76.37653633737347,477.84242776560086,336.49020505736576,15.501885854465797,21.292224561942653,0.7280538400000531,10.782882258895734
2025-01-01 08:46:15,92.69741673496529,133.65123653223858,16.87954410570654,4.909091817377863,4.885493353858034,222.79743037186913,13.770910850458472,69.39827664584845,439.4014588853029,330.60090782720835,17.09759264497649,20.146706187797946,0.8486544890068342,11.09099889808317
2025-01-01 08:46:30,84.80031843444549,135.99629375382207,19.16208353058153,5.011517303665288,4.546331013164485,214.85136221421936,12.615054449431724,69.17174261626107,482.3385127007032,380.7590467853232,12.22458484963997,25.537031519303525,0.47870030784115863,10.110924740805688
2025-01-01 08:46:45,80.09409275171198,126.48573733093207,19.782179213397498,4.829101716457242,5.16406395480145,219.22554208300548,12.368870238437218,70.63054577671245,445.8440541012759,328.79622456388535,16.37471333354951,24.0290743898711,0.6814541862025236,10.835205076776878
2025-01-01 08:47:00,83.06482427714919,125.85432939803243,18.07029496939807,4.551520171231033,4.988851698071662,215.3297277272313,14.596923836705079,65.14166223895651,519.6549124352983,360.9849325252933,15.035273226679239,20.460034948622297,0.7348605837885755,8.406069331853171
2025-01-01 08:47:15,81.96525208008529,127.01582261915779,17.294162958419516,4.7422354462040115,4.675006576641504,200.5594565316842,10.054752113413642,78.77458567204334,464.618666666703,332.3378698233857,14.052606062351256,20.517268080573547,0.6849160427774857,10.886816762717327
2025-01-01 08:47:30,89.96526814233302,127.37099773977438,18.642766657962937,5.019009700824007,5.198983325765943,201.58419511028458,12.729446176807407,67.9570719180036,483.80276553226986,375.757746854108,12.527487184842956,22.014449644468385,0.5690574775731794,11.014908384616199
2025-01-01 08:47:45,87.45605954338956,124.45027792783958,17.511605837083195,4.960585842459817,4.008468429177556,211.389798908704,14.42162824981234,63.61646022418951,455.36613261888715,372.1426587721304,15.897359303645954,20.69040758286813,0.7683444243413132,10.527276293309734
2025-01-01 08:48:00,85.3268225932324,127.40135974314411,16.321551464341837,5.571602428014007,5.194359703748011,214.49970356736648,11.048018091820676,57.28757527825139,486.3830901290104,401.19217435395257,14.56327097518629,22.47541098492665,0.6479646127473837,11.667114536746247
2025-01-01 08:48:15,87.67755701888633,123.70588024233999,19.29696585364656,4.92289574604975,4.499168607146592,197.2798403202388,13.263518621680246,64.43355058845302,466.55198126195586,335.3322635281359,15.696484640051995,26.1361716770875,0.600565562316552,13.485920220746712
2025-01-01 08:48:30,81.56197441734943,126.2553893903219,18.120372023422608,4.830611122577369,5.177620726474375,227.8141355800394,12.609880938693673,70.14595144903664,470.76287617367245,329.99573179484366,13.546850170077175,22.37906870026852,0.6053357425867606,11.297906992159636
2025-01-01 08:48:45,88.88352302278261,128.63303011105918,17.71339753243365,5.042448500482194,5.09585378916315,214.91043873923044,12.520368042554939,61.93393959585403,427.95220063781017,343.91647188329995,11.810343387382654,23.7614877134067,0.49703720279766084,9.218443814681336
2025-01-01 08:49:00,82.67417266177267,136.60102468869997,17.774234166971016,5.517402497567889,4.8926941787198865,228.77944670557798,12.761421684332408,73.87194467436919,509.2515446930912,387.2125898628129,12.301901651135214,17.23536503845785,0.713759274821599,10.144911157149505
2025-01-01 08:49:15,80.73523602372147,132.19263857725247,16.34543902156749,5.2600715640859725,5.051811021680834,225.48988321405483,10.856976624447674,74.91352166233385,502.9285933528009,343.2118984364991,16.007935657590632,23.036910838222944,0.6948820425623298,10.673967806710172
2025-01-01 08:49:30,85.41094534845918,129.0047441091766,17.418906669282794,4.933111848921168,4.685958109189248,218.37607528225078,11.563392601180077,61.724621793048854,478.430634019509,377.5095481402178,14.089443308104618,21.252250018115518,0.6629624296766089,13.658213682186528
2025-01-01 08:49:45,77.74820126246776,129.5713036263125,15.880560657580983,4.649618502656481,4.899864317410208,215.704807934535,12.75679103947715,69.41931935517353,405.22980898400095,355.4438967414848,15.171836678942247,20.282346612850866,0.7480316241775197,11.467855867950204
2025-01-01 08:50:00,74.04402912152347,111.24143362577819,15.030319333298056,4.278837008475069,3.79990687483661,280.0510535164781,15.633951644994472,31.587231529564338,465.56189487044736,330.6617417889273,19.431664425725586,15.975564288133956,1.2163366548597403,5.700088779845599
2025-01-01 08:50:15,70.78505398112848,121.7514026437047,15.180747343317268,4.036665798164768,3.4950859806720116,269.2070384830013,14.426673409970904,34.45329167069143,479.4971003560838,385.3526980567557,18.60843755834671,20.041859123103976,0.928478612889518,6.3571337396196315
2025-01-01 08:50:30,73.54221943049284,110.63702875529654,15.545488190748195,3.800868241804502,3.528810742906054,289.30798023191016,16.3106732231739,26.714724248275026,481.7880406917002,384.8005541400272,18.36287843683919,17.59458270913439,1.0436666069554428,6.463853809039581
2025-01-01 08:50:45,69.89280477637496,116.04426328625081,14.245604444606174,3.7318512666862245,3.735961419308429,316.5528085563932,18.355923998738735,32.7419271969154,444.32154875109603,376.6687437036058,19.063332348962845,18.256403574420727,1.0441997664683922,5.3494502733678315
2025-01-01 08:51:00,73.72510169496664,111.51442284434263,15.936063313915405,3.7001328675064165,3.4010779209091644,298.2803815935998,16.98994575828339,35.05798871796005,493.6280590559344,360.10084322793233,21.094505675295782,16.206132496834673,1.301637246234775,4.008958401753721
2025-01-01 08:51:15,73.71800403909916,112.3748883679552,14.945617199688384,3.608040544771698,3.50286975482129,297.2925250640659,13.0780453497521,33.41413560131793,498.8869159126187,394.9070532982524,20.766961241511865,14.78077452535622,1.4049981755615324,4.730813085342989
2025-01-01 08:51:30,67.4530627358105,115.50021385564996,15.311907132297488,3.739153124827932,4.020777521299618,282.52295450288216,16.673572192335897,38.78460619244388,481.1559237044879,375.9455237156351,20.047254423934678,18.491141142242043,1.084154529443171,5.647773871984892
2025-01-01 08:51:45,66.59747846965689,117.09954599963504,15.20248896421166,3.490003562593582,3.6721369537594137,300.4670656529858,16.9775631378956,32.42855637267666,495.26510255627426,398.3921182929273,19.676399807757793,18.85939780675545,1.0433206833735535,5.463856616423831
2025-01-01 08:52:00,73.19065382314659,112.6501099520865,16.0004684085087,3.556806259876326,3.301084405731876,290.041569655506,17.598851810757854,29.6954842318763,489.9448253649414,365.6211613487625,23.119358030872352,17.415121060614474,1.3275450656015486,5.640335042226759
2025-01-01 08:52:15,66.72331542617715,111.48966947052045,14.609824365334976,3.8989579397986796,3.6186266818062376,302.5331643520573,15.880178079030216,32.93431234614189,476.717948572679,369.5642093380673,21.63964264658133,18.8259382535678,1.149458919662625,6.583668638986063
2025-01-01 08:52:30,72.40785237125657,117.40694897974373,14.975295032866542,3.7401913459561187,3.59547515330246,259.7641437004689,17.47564940319034,41.78799570038645,496.8241260195256,370.0968398367331,22.603200623111793,17.561308521071023,1.2871023019720444,6.738106092868361
2025-01-01 08:52:45,68.56179021221679,112.47597581218653,13.88188181588562,3.5577846799642736,3.51509227940697,288.6624659303539,16.29431050468391,30.349838873458843,478.9628963451539,367.73525430390606,16.890556616491608,17.99936754200471,0.9383972285178636,6.815528426772059
2025-01-01 08:53:00,65.834194902574,114.41152689358071,15.057857645771353,4.196711715542877,3.883003147694538,291.25591623452664,16.402538915461783,43.33211240187105,480.0869654350632,372.59974394836956,15.595842580551066,16.47365008359835,0.9467144501314099,4.61756948045618
2025-01-01 08:53:15,71.86877905643577,114.46278681724044,14.487761284852654,4.107211725891268,3.689918839554063,305.3499242108412,17.371509665748622,34.45787196743069,479.69850741801423,353.36870979260897,17.635205275220795,14.700915338343005,1.1995991317101569,6.180811534838804
2025-01-01 08:53:30,67.22261095181668,118.84842536620916,14.782794109664566,3.786298126023796,4.075778866937509,300.44814913846267,16.33154313555647,26.95171952780031,510.11868401016943,395.1572197372379,18.42862306596412,17.67931822910456,1.042383129663112,5.5291073638852835
2025-01-01 08:53:45,71.72472308122288,118.59413166709719,14.165735637599031,3.8704243518632797,3.0533089060039447,295.28927620201864,15.50388874924007,32.615586608587435,507.29280290671323,397.3579091288502,21.16975426344451,17.881441331385425,1.1838952951900725,4.6285587713756415
2025-01-01 08:54:00,70.77550910437242,113.15988668796663,15.39342094148168,3.7935923359475305,4.074242279505661,283.1330348818473,17.226346022059197,35.61382519310819,478.33842520873617,363.9442608382243,19.75836807851274,18.17933368154864,1.0868587608668385,7.7561006950148155
2025-01-01 08:54:15,74.43413076960735,108.53053037515102,13.03861554790116,4.1891439704892175,3.5547186156087496,263.81497379111494,16.788994165188598,33.15925080709757,499.5501950488879,371.84558758267985,20.68723693038573,17.79776696121437,1.1623501406366434,9.138563586072287
2025-01-01 08:54:30,71.19627169499266,112.08647204754654,14.800566955669124,4.078034887117062,3.739742641857843,290.03571244196274,16.073548647994116,33.21193920955754,460.5308740604566,365.98042313711744,18.313657899410206,19.72491768116171,0.9284529444146006,7.2610304382717565
2025-01-01 08:54:45,69.41943936890853,115.21671987748799,14.180349599279621,4.142669111509231,3.89330977068611,287.2338369198785,14.2081221332894,35.58980725014019,452.24906469298384,360.11569479909826,22.507968182272126,17.71594536071499,1.2704920750197966,5.7761274844682955
2025-01-01 08:55:00,67.72757706173387,118.0830972189169,15.19366176484761,4.002696649726807,3.7123060488295194,264.1156883229507,18.238688899404213,35.1333794293786,485.67101138559605,356.175535126716,19.685790157791935,17.725842161875722,1.1105700918476877,7.321878512100912
2025-01-01 08:55:15,71.60603717061615,114.61136504510426,16.364986349715068,3.45273634032586,3.6110272178169676,309.6146853359571,14.275222874744555,31.090167579667522,481.67010701005773,408.849289564444,17.96209883264536,16.03666452389592,1.1200645125350344,5.685067867137038
2025-01-01 08:55:30,65.71982665214294,112.71730122774794,15.056347714932821,3.688476653494075,3.5091403759175037,276.6190217879423,17.180563963294926,38.52517730877719,501.48631730699924,380.0395024019032,18.536300071218644,13.58396188039498,1.364572444654097,7.961174532547
2025-01-01 08:55:45,74.28344452585524,113.7338110288337,13.961907532027649,3.9546616328552817,4.064400273583759,258.36790646253075,15.192906508839759,36.87546689703563,500.7910942373352,381.35455038147956,21.50846626671265,17.614995535291154,1.221031604783608,5.317025663780091
2025-01-01 08:56:00,72.64828481559812,122.67586679718461,14.854226166957158,3.6701618524203456,4.10844439579731,251.41880854162542,14.273419846010166,31.47741818216282,502.21288562217416,364.70156417630983,19.722038742983663,18.07961942235841,1.0908436888109567,6.30630404853641
2025-01-01 08:56:15,71.81071879554163,120.37849632728437,13.10584710341857,3.8098545668813713,3.976647093513779,297.1837992737779,14.578232007063932,36.27773439983474,473.8275268182818,412.22457066652834,20.74273747251485,16.581396044705528,1.250964479504007,5.936454226360961
2025-01-01 08:56:30,70.68895051623326,110.2643157645996,14.963041501277116,3.603137006849967,3.7011872505167767,286.77862989673577,19.354380198525757,39.98554666080237,480.3052501813094,373.4123243409297,20.203833963010048,17.768255023882162,1.1370747400830439,6.363995873778841
2025-01-01 08:56:45,67.3949250805752,118.47485357646539,14.574981991728189,3.7299544227789108,3.5781441436942254,302.2288320233321,13.928069630400335,35.13797597246677,479.8988480383437,341.30335360836307,20.211477157274896,16.982282149917502,1.1901508277185868,6.351698176158872
2025-01-01 08:57:00,69.60582227880802,121.31833524446128,15.102456588766339,3.794918561389078,3.8247091003465314,290.295751404822,13.591716251999802,26.269184911250218,465.834546458087,394.2113350196322,18.50392010843093,16.705817584849076,1.1076333148287574,6.037614454545927
2025-01-01 08:57:15,70.3390076962088,121.99336362693506,16.003541560201867,3.9881642963400563,3.705709573532291,271.67482805548167,14.167507476791219,38.52727669908131,499.5922846108403,388.88988007056537,19.930527365127826,15.682781178557033,1.270854138574522,7.200627944128625
2025-01-01 08:57:30,71.15429287140611,111.75718801341019,14.895854883468132,3.947375968401376,3.974557068345049,264.06990858855994,16.99326311722574,28.013147531474097,506.8595712401694,397.72685377960846,15.123065372727424,14.462902299765396,1.0456452694818201,4.162357825185096
2025-01-01 08:57:45,73.9787826421733,116.49554798863971,14.673964354371302,3.8772006203028346,4.04636485061281,290.77303441205447,16.026146736114313,30.41937919836137,500.40826289482317,379.2764381325602,17.008786356831447,17.69916461598635,0.9609937376066136,5.23095806663691
2025-01-01 08:58:00,67.94377657115756,124.39593583307175,14.197298193888008,4.0400791184388,3.6894807060685264,261.96508571997475,15.673336366700426,36.073513372152696,511.10238990864804,364.0418609703405,18.76471445331284,18.803295112486854,0.9979481969014893,6.953858694889912
2025-01-01 08:58:15,73.1947748868056,119.01330064653726,14.453612391648452,4.1440609038421865,3.626615617530856,293.2420612946376,13.912000208883091,31.15438282560187,484.50347893292945,380.08675432389566,20.02549806516776,17.941442731257595,1.1161587373505544,3.9083297070285288
2025-01-01 08:58:30,72.37589059376776,116.01605744628438,15.929890417443346,3.9849613043738326,3.6810072942105956,283.72441349491135,14.05933401489651,35.688728294396746,449.2548509329311,388.53762897187886,17.463989323329848,15.938044509358946,1.0957422858917765,4.886295673189137
2025-01-01 08:58:45,70.63633664443539,110.52034796083795,15.591053948031199,3.9661609009341454,3.6954569913165494,277.6081752746316,15.945085685588364,39.50599343620676,484.510377817643,401.1610346253117,23.77855439432045,18.793095153313544,1.265281434502176,5.223558852782854
2025-01-01 08:59:00,75.57928095521156,117.113313896744,14.507517073620578,3.711672002385179,3.499725272205258,293.1390183882464,14.89209955676909,37.86906311618007,488.42782082394854,368.56653908653846,20.30925003916715,16.34991008220569,1.2421627970462408,7.8182975504853935
2025-01-01 08:59:15,71.24779315474471,106.68493802642456,13.98804360040648,3.932184406997252,3.844935250112687,288.6046261799996,13.432344154993746,32.00552985488101,443.4112354887436,382.3034391895269,21.71633471950829,14.525051252357105,1.4950952215045845,5.781020671228954
2025-01-01 08:59:30,69.7448488523446,114.7591047619141,14.766585405033739,3.9201354818180874,3.8179387682777337,271.72616574458664,15.044750487088638,39.940063006155654,484.0518298266229,360.5260947025596,17.12518512392693,17.167463538493593,0.9975372940520966,6.142543182576117
2025-01-01 08:59:45,72.90839702156237,111.75414215537477,14.921990705570032,4.022268175871456,3.540835900873738,283.9514569403496,17.147192993810066,33.24004305279368,464.1134696210107,371.6064693024479,24.270511615310475,15.527580206911347,1.5630582030101277,6.463018666045069
